K,iter,CV_SUB,CV_CUBIC,MLE,SRP
10,0,0.4674215108701355,0.20477021518978383,1.0563387786426501,0.20338290071317836
10,1,0.43557016228742285,0.19760323906241323,0.8098960243207842,0.19631332656742792
10,2,0.34456374465065015,0.2544102781915076,0.8686711277592217,0.2539734790346195
10,3,0.4304665161338643,0.19969930275988934,0.6300370482399383,0.19829797342144187
10,4,0.4915130273070283,0.21049510564202112,0.7190374245287484,0.2104160253611252
10,5,0.7710646440123472,0.24166405600992785,0.8450143549399344,0.24074508277425222
10,6,0.3444380351243549,0.2037277678095081,1.4172000151869981,0.19881169639951002
10,7,0.3906704144671988,0.2835814938177085,1.9047371488159783,0.27796681015830654
10,8,0.7128036453050972,0.23141302186645965,0.7896914468297329,0.23051426432466543
10,9,0.5492632654030306,0.20310106789145008,0.705397570075821,0.20287313209325877
10,10,0.3259430192223619,0.20600821948923412,0.6113117517288851,0.20538551297683247
10,11,0.41041021983543696,0.20001568650873722,1.096187598262572,0.19920786426640552
10,12,0.3695125480178111,0.1915511219970356,1.071576755856205,0.1929511762348278
10,13,0.35272888719079926,0.2561725233651284,1.2164889144742932,0.2550939915977341
10,14,0.41578254062648246,0.21946282567378417,1.535158431756243,0.2168531845241617
10,15,0.36105787314131027,0.2508732128940054,1.0969143610049148,0.2528152414302162
10,16,0.42497130136579647,0.1971754691003809,1.449965429916556,0.19716646481888814
10,17,0.34700573264660384,0.2216115568774542,0.7957837636150579,0.22151053547083593
10,18,0.34765759777613753,0.2189578550544486,0.7464847275799511,0.21504613595713767
10,19,0.41442697048549465,0.21403582117429043,0.8657539418687198,0.21731270464307254
10,20,0.36704699707626953,0.25610005111939066,1.0551431755049632,0.2535175472028233
10,21,0.6049441792380943,0.21568079369154292,1.1972735850595015,0.214835871711367
10,22,0.35569550660817006,0.2509343600456617,0.9074050345096666,0.24952270778167382
10,23,0.4804325646715046,0.20060952024057627,0.829563598690765,0.19979844647307451
10,24,0.3765675988817157,0.20747144972307593,0.9997030911318121,0.2079411893444722
10,25,0.3570476074201498,0.25531922845878713,1.026142708729469,0.25080744669260874
10,26,0.3737387457682199,0.20835912107795693,1.2886455817840463,0.20982276189992669
10,27,0.44350219155628123,0.19091129440261867,1.2813840304289594,0.18894613282015768
10,28,0.35458502239923123,0.2263331772997057,0.8817582243922466,0.226179602946165
10,29,0.3717048433921794,0.23423842474684675,0.9851899005910603,0.2336068933469501
10,30,0.3481970612136692,0.2566003240343425,0.8617506688409122,0.25313340233031434
10,31,0.3523129904997997,0.23590418644448685,0.9644100844380052,0.2376172839357273
10,32,0.3724318482596087,0.21197412444321997,0.9703071450991377,0.2153702841294155
10,33,0.37970531796192003,0.21189965472314237,0.7978300427377938,0.21024916523589388
10,34,0.373952645704561,0.20964854098395683,1.1100008941094806,0.21105371233170042
10,35,0.3662374637760734,0.2506352591603351,1.0636473446010706,0.25141501827437396
10,36,0.5268676584514146,0.21503292435504498,1.8721164100298502,0.21860519576016182
10,37,0.47535755177788724,0.19809925371813789,1.111041975736837,0.2002904933220005
10,38,0.3631075623321762,0.2357302767468159,0.7572995147890335,0.2353917370767334
10,39,0.4483970017082178,0.19947630105167868,0.9067366425097105,0.19738895004490545
10,40,0.42591074957937497,0.19541321456843733,0.8410216156214596,0.19504531275787476
10,41,0.36409188012603555,0.20956078689223778,0.7792813859116072,0.20786609595568542
10,42,0.39890302220385554,0.20864774038246817,0.9403090081898603,0.20828213576848975
10,43,0.4516086931998774,0.21317506657539625,2.20600389750342,0.21796192998360722
10,44,0.42808126922447315,0.20343664275507006,0.7999576416681343,0.20367375062605453
10,45,0.45184735062214176,0.20088284962946543,1.0105661341315597,0.19894539778903317
10,46,0.39276026047223855,0.208559888740573,1.8504358106069794,0.2012216123038008
10,47,0.4243128050428484,0.20968388680489572,1.3127145919385177,0.20645441447461174
10,48,0.357267377761114,0.2128001713154916,1.1074375737807889,0.2083779763382338
10,49,0.4363440970487043,0.20314628513083133,0.7938986933627972,0.20195585247114456
10,50,0.5356190914101014,0.22157965398611626,0.9189389142322117,0.2183089771685561
10,51,0.4200095967667647,0.2195887109505916,0.7560269618200656,0.21946461923331562
10,52,0.5545798861475292,0.2582705746079466,0.8376319217638087,0.25870468914836553
10,53,0.406052903163862,0.2057904870252801,1.2454365978433812,0.20510289486085645
10,54,0.46238518915705995,0.20106798134055112,1.025308310882664,0.19981392741845747
10,55,0.37485230734862335,0.29606271115310046,0.8466404344833239,0.2978463275597611
10,56,0.3687167841147483,0.3042054094059319,1.2821828153522792,0.30859734258566124
10,57,0.5507707459005152,0.21763828194332946,0.8063892285987675,0.21372808906846405
10,58,0.3420520188688463,0.2188286123920213,0.8618451925421983,0.2184759550473875
10,59,1.181574218429452,0.2896396609505359,0.6664327422409361,0.2871418885538016
10,60,0.40152243455959874,0.2687126350055763,1.1348298850479988,0.26324086768076355
10,61,0.549416491721373,0.22147063609535309,0.8540006895798326,0.22048825392266996
10,62,0.3910564007902911,0.32307247002127715,1.1964026354898945,0.3231442569470725
10,63,0.7723320779292365,0.23064695693084253,0.5351907958229303,0.23067352727215637
10,64,0.7280059459048669,0.2380821947434766,0.8520553626376132,0.2368042705543155
10,65,0.35657550583618214,0.1980305531426672,1.5561536347054763,0.20256558906295558
10,66,0.43014053256062607,0.20399803772364675,0.8360974299998586,0.20497630328048705
10,67,0.41547470109120566,0.21917570773132872,0.8470544517188743,0.21896593214323334
10,68,0.3506203410098738,0.22945329346469046,1.2712013580130277,0.23100259167676915
10,69,0.3508421482099993,0.2744554772761538,1.2697878675297516,0.26949312408856363
10,70,0.3527802137890751,0.2469313614030705,1.0553681111920967,0.24556936952606342
10,71,0.4052094973452232,0.2021051718812786,0.7857698882134174,0.2006659872389696
10,72,0.35549771222989796,0.21551101761478844,1.1912434928541764,0.2131700317180214
10,73,0.4497345298013504,0.2008967572902423,0.6435738356106763,0.19970936652622437
10,74,0.39930891686219283,0.23239667017159943,0.7679753104208922,0.23090581309483146
10,75,0.3587952399518377,0.2329582072199995,0.9087375766977916,0.23159772130189377
10,76,0.37663869517557924,0.29591307119790555,0.9359894619572882,0.2949922672483228
10,77,0.35643990437420936,0.20378110436340818,1.3247779306532026,0.19961115938192642
10,78,0.4176577509146784,0.2353359783763675,0.9663461355214322,0.23267912404122568
10,79,0.62646944281739,0.22004998099016573,2.952357411176613,0.21562306138229556
10,80,0.7865622499395266,0.2394105358596792,0.8439326072487088,0.2382714745935886
10,81,0.520112909488419,0.2109548759276743,0.7422923515757952,0.2082078722038855
10,82,0.4880395138233384,0.20444308013303786,1.137349764401068,0.20184750495207193
10,83,0.4863458644791151,0.2314028172164409,1.110289623126182,0.229255529748674
10,84,0.33537790558651825,0.24639747593955702,0.9066112457801527,0.24552783493045707
10,85,0.8992475442379038,0.24715387255039398,0.5607682917274321,0.24546243509598462
10,86,0.682953420023338,0.22307713201707047,1.365563661091474,0.2215862180436361
10,87,0.36431340324480355,0.2759236902274892,0.9490585246109771,0.2726226303114402
10,88,0.46817484217351146,0.2009225842716184,0.6851235324441467,0.20065859497359886
10,89,0.3879789951582278,0.2692168094156798,0.8924829172037609,0.2691008682854605
10,90,0.34871713332777365,0.21627049415079982,1.322638595316357,0.21247539558186646
10,91,0.33911982631755294,0.2461118977841805,0.9089384886403483,0.2544172381412336
10,92,0.6297438319366201,0.22304407246870284,0.7897580367639947,0.22139589311626928
10,93,0.32411660802303766,0.2288118384261716,1.6375086442464903,0.23129141855481083
10,94,0.45824891227028286,0.20426883432562615,1.2694456652430595,0.20358780407596222
10,95,0.41378217146206503,0.27264931711840046,1.0641192464957456,0.2809817918021319
10,96,0.38606524999633773,0.2509159248110513,0.909765811555296,0.25075123079533473
10,97,1.4727824513919858,0.35360435177783844,1.1209375327463258,0.3512975832375287
10,98,0.4524880374711863,0.21201850568494301,0.706808321029632,0.21078282975037196
10,99,0.4425904917444534,0.27373516159397304,0.777913566758358,0.2703811315610233
20,0,0.12241377580572267,0.11919041816635867,0.7154993288115834,0.12031025878566395
20,1,0.10428347836355757,0.09964005899358286,0.37307940807592255,0.0999927502213931
20,2,0.10511178911447343,0.10039453440399242,0.3653766467520512,0.10065901733056826
20,3,0.12036764033281104,0.11361903649562591,0.2904481784750141,0.11417294397255254
20,4,0.12681054583827805,0.11999493403706464,0.44636843116919345,0.1199271745233196
20,5,0.12274399121563592,0.11965477812540436,1.0954925719840978,0.12031825596302681
20,6,0.10856563419487164,0.1010038249603783,0.4443389549479737,0.10150573769627395
20,7,0.14060229517516334,0.13820665589354833,0.49840297140701545,0.137830576474962
20,8,0.1175818636235805,0.10745826356762612,0.5125256660956944,0.10701571770324321
20,9,0.11624134109665145,0.10710316552240193,0.3975246745080138,0.10687718568685513
20,10,0.11617358544407314,0.10811038220649534,0.2998316260497981,0.10834938602955363
20,11,0.11485041121071066,0.10974768914933901,0.5260709087085114,0.11017281498792832
20,12,0.1158776093676751,0.11169266725816174,0.49681853848407237,0.11109796495148265
20,13,0.10977776100439142,0.1025470917903732,0.29907156009064734,0.1025877405788251
20,14,0.10836685808066313,0.10426206166161026,0.32369469551489427,0.10380462806642315
20,15,0.10736602705357282,0.10423450019330423,0.35064880201751447,0.10438084961976785
20,16,0.11616588504712182,0.11313556616085436,0.7714328062798287,0.11347948062850678
20,17,0.10929301834189464,0.10392701789249698,0.4686835665713878,0.10430693367546705
20,18,0.1114651565922041,0.10718978463134206,0.3452729342762347,0.10768240633511603
20,19,0.12770491950852939,0.12453839507110785,0.43471265106238854,0.12301850165781275
20,20,0.111309829372227,0.10854526105722938,0.7416463499399079,0.10904172172783488
20,21,0.09889668713740024,0.094473413689505,0.31949298926441244,0.09447840999266538
20,22,0.10812258366574744,0.10192168655653028,0.28214135036194987,0.10169573872424256
20,23,0.10835651021812592,0.10173516987674558,0.39505417780129565,0.10150051222497859
20,24,0.10949522734172229,0.10289001040755225,0.24716286720346653,0.10235426899616744
20,25,0.13749474727007294,0.12410907292967455,0.3727360975700315,0.12320479582308574
20,26,0.10497561345162826,0.10066118489117669,0.3473230320295446,0.09983959069099951
20,27,0.11217578223720999,0.10388726833035197,0.5752505841736046,0.1046917599422751
20,28,0.11340279910420507,0.10896158977733932,0.5276297389752663,0.10914536420988548
20,29,0.10719603172994506,0.10203967590190993,0.3550203981737604,0.10196072800926702
20,30,0.1350916316776522,0.12170558955632194,0.5484399482036872,0.12128884980186136
20,31,0.10658704377486573,0.1032483299396594,0.44452850316047166,0.1039078179191124
20,32,0.10610454702562112,0.09994380466945718,0.6472143398081759,0.0997122674876118
20,33,0.10931636288765026,0.10444303963189916,0.3363812725825576,0.10452120960539543
20,34,0.1349709058980827,0.12082115386846781,1.266306754218564,0.12237813120792294
20,35,0.14206258738445754,0.12541089916628312,0.37367353873314973,0.12498021698072093
20,36,0.1301820275271717,0.11817681761970167,0.2702227152643913,0.11854727715275815
20,37,0.12886814074020542,0.12550961373675784,0.5351368207110396,0.12551832803989335
20,38,0.11057157626675278,0.1049398682934349,0.45322409343552705,0.10617711375236004
20,39,0.11339744433738906,0.1035031713185383,0.28827788680258204,0.10366696411664791
20,40,0.11098033899783966,0.10407665171989819,0.28879794278590115,0.10456587696696422
20,41,0.11594668483897935,0.11248551347612197,0.35582947062447007,0.1124124811395337
20,42,0.13452788455494746,0.1183150461721371,0.2970365507278695,0.11872806470761377
20,43,0.12476398733840766,0.12161385061304175,0.4646708418599804,0.12126919306939521
20,44,0.11518382607949652,0.10657081054453711,0.6251197813108245,0.10576388493506066
20,45,0.12136205260355289,0.1193318373853138,0.6129331007441602,0.11951923860371126
20,46,0.11101161059810148,0.10280120691790676,0.3554151946688119,0.10300013306318585
20,47,0.11639296660406076,0.11339146249508361,0.33526215349066457,0.11340089953057365
20,48,0.12745246333101895,0.12495100831743633,0.3651846116730133,0.1244948726794454
20,49,0.11290310140021581,0.1090092567841895,0.37821608273733665,0.10897398584524064
20,50,0.11756798736009816,0.10962913252155575,0.3934794128196781,0.1087076060172601
20,51,0.11068203731586711,0.10382475311862094,0.3508359407757218,0.10355931993003238
20,52,0.10810872602805703,0.10146785728290204,0.5571714865091275,0.10119279082519456
20,53,0.11170752796897836,0.10872493033575428,0.3030678548034364,0.1092252692658584
20,54,0.12106750730758672,0.11801136655983195,0.4676630414987647,0.11626122023494888
20,55,0.11094714869001134,0.10558076308231107,0.5570053064898289,0.10547009855602649
20,56,0.10929592285922761,0.10500612542628099,0.281081632762135,0.10487698373971736
20,57,0.12491352267254406,0.11662300223570388,0.3443066373669306,0.11656008960030656
20,58,0.12446810633299692,0.12204152911673223,0.4640971387569999,0.12397289209010606
20,59,0.17869566282514798,0.15061622942293906,0.49026148467665875,0.15100654652264686
20,60,0.1079014209638886,0.10463360323226777,0.43247245494071157,0.10478144584051698
20,61,0.11370085716035909,0.1063204169686378,0.4050987545188646,0.10573462543156428
20,62,0.10865455259125084,0.09964619340322779,0.5127398278674584,0.09961714286909339
20,63,0.11835878918888877,0.1103640462680327,0.30726983755780896,0.1109645170890362
20,64,0.11647658793730478,0.10823424234480103,0.4656994612735624,0.10774843470868108
20,65,0.1097085417226127,0.10505026516913767,0.700674155257035,0.10468817125528182
20,66,0.1494855182079286,0.13075516188631414,0.540925699555505,0.13132248751491704
20,67,0.11736816656798818,0.10765620136243138,0.34316474204164044,0.10789743027882977
20,68,0.10755898393655522,0.10276409975440844,0.5664741461878179,0.10271034746836596
20,69,0.12070812465564376,0.11253848904344121,0.2660638213668644,0.11210300281772416
20,70,0.1437831030142449,0.14194338051423872,0.7275872776924674,0.13985123071654185
20,71,0.11948166168082264,0.10947619109786863,0.27311232710672745,0.10943142903203554
20,72,0.12953293464110122,0.12745730423665388,0.5576819893294818,0.1279001884415049
20,73,0.11653215219352327,0.11374405630096081,0.9729238812547523,0.1149068293960939
20,74,0.11017979026752565,0.10541447451476284,0.5247418482574631,0.10549357004872234
20,75,0.13630651513837558,0.1333166930887262,0.6907135476567594,0.1351518965941228
20,76,0.18460025408110536,0.1828523300475227,0.47890796448322387,0.18270162217680513
20,77,0.11061852013448234,0.10186296294403749,0.39460348539751866,0.10262031450866253
20,78,0.12013880795949418,0.11388356486018786,0.6080412291684594,0.11477887252563783
20,79,0.11629001112057037,0.10878471958049656,0.566154553541032,0.10874444251293075
20,80,0.12173086690180067,0.11328360339673285,0.2954720504766925,0.1136195555659472
20,81,0.1291464323079561,0.12692823373006673,0.6702992093773966,0.12673988208736262
20,82,0.11318772737293228,0.10883700491583322,0.5401746118199874,0.10979350675603905
20,83,0.11343048612304486,0.1085343088402157,0.3581796042998691,0.1088462372350056
20,84,0.12767211320696142,0.1258611952813028,0.5264134155625227,0.1258451698709957
20,85,0.10426370456054515,0.09877312977383143,0.2778795605500975,0.0990544032788017
20,86,0.15586177289903072,0.13470801905001872,0.35167887617484056,0.13675789788431358
20,87,0.1539187020661894,0.1297978435957391,0.3202401088478096,0.12938192254882797
20,88,0.10604095315351124,0.099803340843954,0.2946492625427369,0.09992245504281784
20,89,0.12151710500793961,0.11863747020170992,0.5176013214925766,0.11843665380696888
20,90,0.11334286740008048,0.1066576894040045,1.4852731755737067,0.10822508430006088
20,91,0.1234990434084123,0.1132943750666992,0.2771291484552412,0.1135352524917649
20,92,0.11124122585769454,0.10327446881686334,0.357819326614302,0.10343321451241648
20,93,0.1096838337150256,0.10056571279195618,0.6477770949869043,0.10003396368353552
20,94,0.109826522462757,0.10645548310696684,0.5006051074527014,0.10551801377849869
20,95,0.1180514304926103,0.1137720229906864,0.5276894386007502,0.11463714780271413
20,96,0.11319221215580676,0.10622420387587497,0.5095848624796048,0.10678997836976825
20,97,0.11077221592606945,0.10543036335754681,0.5423119198489134,0.10514933253637221
20,98,0.11325495180851548,0.10787275157436318,0.7294380144780771,0.10949109555347784
20,99,0.12788250582428304,0.11621374334673239,0.2811554753178945,0.11659606540459094
30,0,0.06686687873186804,0.0666508142036256,0.7412485081247989,0.06728992565065671
30,1,0.09946117089821041,0.09934384624154843,0.2686364822353662,0.09896289563909984
30,2,0.06922272404820541,0.06911702468299642,0.1448952337172811,0.06914964988871687
30,3,0.06383889751363908,0.06358021882995499,0.15753262906883111,0.06404173815339802
30,4,0.07105301654910125,0.07021400830307657,0.41920536484248877,0.07065157194249669
30,5,0.07492994284335647,0.07466413504656529,0.16689301050496658,0.07426491464670616
30,6,0.07430757766962502,0.07356463757256694,0.15752551219929936,0.0734848281970371
30,7,0.07956387552380971,0.0788990491446382,0.3611274108126597,0.078415938323776
30,8,0.08137634754282508,0.0813123108315315,0.30514049665756265,0.08120667038129672
30,9,0.0663202955918318,0.06605685774688567,0.17318245373776286,0.06626536222212229
30,10,0.08432254550482018,0.08412203280801007,0.5117616701866465,0.08443453194264647
30,11,0.07466429620587044,0.07394011921313128,0.3501568539196105,0.07427213013520184
30,12,0.08048634052520157,0.08011935214759318,0.39242798767069226,0.08047729452774831
30,13,0.09006590838350212,0.08989410978440211,0.26953990824525303,0.09026475429130539
30,14,0.06809055853032941,0.06780848187822647,0.2579212045773444,0.06782806523656452
30,15,0.0713264732507564,0.07113672009475337,0.34557948640474495,0.07115171426449782
30,16,0.07534343434477751,0.07518341802116199,0.460953824434912,0.07433993824482114
30,17,0.08283136523183973,0.08253273202510768,0.1518715877336148,0.08228869612276574
30,18,0.06846040791949048,0.06820738231346862,0.7396646477355815,0.06745875093409864
30,19,0.06718387676047642,0.06689489697108947,0.6449492298050331,0.06775011082610527
30,20,0.07423733379152077,0.0738567180433576,0.5198246912615728,0.07302277939076357
30,21,0.06882840106177318,0.06789577264362467,0.12123973416661815,0.06798930422942658
30,22,0.06828845853794296,0.06785144746702038,0.22392781061114267,0.06794128091824252
30,23,0.07756048378928755,0.0770523848108993,0.5609894099333653,0.07711906692927951
30,24,0.07661210007887773,0.07568520022057747,0.7986481668880746,0.07575051022350116
30,25,0.0676617411887734,0.06717582276896464,0.6648748904421207,0.0672426326833355
30,26,0.07864649576685556,0.07852169806102963,0.20284026355615953,0.07831411136187119
30,27,0.06695879070496794,0.06654395994357762,0.13519767965292137,0.06627238900891572
30,28,0.0801164889658227,0.0799394029661993,0.19197744984428725,0.08002623451007412
30,29,0.06689518323215315,0.06667375562197342,0.1962672260813715,0.06691049926830918
30,30,0.07725547290095548,0.0767961313849833,1.2536896954996761,0.07731257155233316
30,31,0.0671776137046708,0.06667921292984351,0.15996817080821138,0.06651409650984552
30,32,0.07179265676601208,0.0716162450075224,0.17440819736337035,0.07159971289880343
30,33,0.0722654161501397,0.07189429741500755,0.5575099385174788,0.07238047976448676
30,34,0.07584219815182582,0.07568990742921446,0.23145910639621917,0.07580065033117538
30,35,0.13568778238996038,0.13576690874482505,0.6156045156362703,0.1305515271772696
30,36,0.06932642474392818,0.06901188047805307,0.22029585169393728,0.06894934903928429
30,37,0.07592824909237904,0.07566632184535488,0.30332764619124103,0.07573613695037877
30,38,0.06781940799738737,0.06745672871217932,0.2068604418233259,0.06745260922513237
30,39,0.07432451940696216,0.07406274293105305,0.38836715900883045,0.07459502374073752
30,40,0.09211341661041851,0.09043168041530095,0.21446173675591013,0.09042037416463355
30,41,0.07109721378356362,0.0706801919195002,0.3010546469595957,0.07060232415760137
30,42,0.07013589389994833,0.06998407066863029,0.14848141799089112,0.0704134656302266
30,43,0.07584723334213199,0.07575770136631718,0.24204653413097463,0.07576003903470607
30,44,0.0718143938532673,0.0714539894042984,0.13150481004968428,0.07149764462667683
30,45,0.07806261248679294,0.07757253553235155,0.15831818451509452,0.07757343986327768
30,46,0.06886723419965149,0.0680361050644507,0.21493846044094186,0.06775025835793229
30,47,0.06862882727598506,0.0682605604231634,0.24434196716323156,0.0682989979033734
30,48,0.0680046359459421,0.06775476277997444,0.3980387576515904,0.06783377354381194
30,49,0.07019973148891548,0.06967968565277236,0.33504545107182027,0.06936526989694171
30,50,0.07308825080873314,0.07291820496987152,0.2586773613970929,0.07287119857088838
30,51,0.09462551137331747,0.09443851457391286,0.2924187889417662,0.09461012179380256
30,52,0.06757055078177379,0.06723711796488664,0.14018430995532832,0.06701658873890741
30,53,0.08066128112878442,0.07950450762292166,0.28367441779012087,0.07937773592260243
30,54,0.06966954953624198,0.06943154020967039,0.18741950425202084,0.06936691120186854
30,55,0.08128480421262409,0.08104238976722239,0.8649928491243349,0.0806466439712288
30,56,0.08005574855314651,0.07980770408022828,0.3293928927615979,0.07976894037266383
30,57,0.06716612875716237,0.06675781153255499,0.4253948339514917,0.06713089219849241
30,58,0.07805765662216653,0.07716884912172511,1.228678403820669,0.07710188292308988
30,59,0.09891962373537984,0.09772210040972937,0.24702958610206072,0.09782640999819152
30,60,0.07446797444290676,0.07420449389261151,0.4120313879245153,0.07655253059116499
30,61,0.07013037056038102,0.06973150886246275,0.5805638955378218,0.06979733793471062
30,62,0.07893864498752827,0.07848500389253942,0.2663738141904465,0.07859431499651545
30,63,0.06687193154881443,0.06653687311473291,0.37510671395510503,0.0664664632021635
30,64,0.07240430361929234,0.07217232600990461,0.683195273612625,0.07251730417755867
30,65,0.07172616762955009,0.07156560926519395,0.15985127665130386,0.07182324339206413
30,66,0.08087226404631692,0.0806938674470392,0.9232109458664479,0.08215490341354333
30,67,0.07023679565125965,0.07007326469863215,0.5193817889960529,0.06982579133884619
30,68,0.07742303550477242,0.07712281870085365,0.229747607878807,0.07754490940046369
30,69,0.0682699946389926,0.06791480692449643,1.301238510288889,0.06856550812339048
30,70,0.08005918276553713,0.07914750569311904,0.13814604532774036,0.07956757927505713
30,71,0.07242497448764668,0.07204316134892673,0.23044953524977538,0.07200141423329869
30,72,0.06605026339680274,0.06579765722887428,0.7124490614808338,0.06514831687626552
30,73,0.0802593856870566,0.0797947580508667,0.26357520238493737,0.0787517615185107
30,74,0.07334105779160274,0.07316610923270907,0.21418446775979905,0.07325796759478768
30,75,0.07466956908595265,0.07386432539851548,0.15580807635022134,0.07406060853751668
30,76,0.07245493242833537,0.07213809386604522,0.5552797295144563,0.07212335186409925
30,77,0.08772441933687009,0.0876002561329552,0.30369881269335164,0.08773172110242933
30,78,0.09530961944100196,0.0946703081591819,0.13392442903496912,0.09534742919531493
30,79,0.07435877787084462,0.07423417398946636,0.3456983268846791,0.07441748026003478
30,80,0.07447750420205673,0.07416765125709092,0.4325349883907949,0.07412972224902507
30,81,0.06730418275757288,0.06710761936370965,0.3241935251028809,0.06703497380153761
30,82,0.09066052488702575,0.09023741675047933,0.4350515807914136,0.09116397640693123
30,83,0.07202565425296822,0.07175288408759271,0.21580242392191235,0.07146034450538252
30,84,0.0658559883330441,0.06539002561968076,0.1855636478276976,0.06493928929956694
30,85,0.07041988245748587,0.0700993484420041,0.19231550530268163,0.0702021388960521
30,86,0.07114057844810832,0.07084351775277316,0.5736937368495296,0.07148420457839098
30,87,0.06848630835661437,0.06793972671126176,0.2157767865027959,0.06787783039044334
30,88,0.0787186574990484,0.07843057760546777,0.41003112084817306,0.07867553224059774
30,89,0.06716266427084068,0.06684485087826685,0.1844495820134926,0.06684466453042813
30,90,0.06648858300642174,0.06619988567606992,0.645423109159252,0.06625970491485314
30,91,0.06958706034845837,0.06918572390466131,0.15842355479589493,0.06903017956550477
30,92,0.08819899310754134,0.0879277047665835,0.21314837243638843,0.08746997849982092
30,93,0.06902538348537532,0.06886047474806156,0.682077405873533,0.06862000047349917
30,94,0.06998905670792166,0.06964480672377879,0.24753573069124848,0.06964247980654481
30,95,0.06664023039285068,0.06637377497200683,0.14609564141452527,0.0664318861329706
30,96,0.07310319761125474,0.07270742313437341,0.2236468352934799,0.07344891194195119
30,97,0.06882279562030055,0.06834387288658188,0.21299937651000414,0.0684626383464904
30,98,0.07913558993143063,0.07870348730628766,0.8203525374873746,0.07803651241623528
30,99,0.06792747511065214,0.06764869877511295,0.23201744593937315,0.06779792412415729
40,0,0.05082060966539216,0.05080911384865679,0.3382298596674409,0.05087367395698264
40,1,0.05149232550556876,0.051387142761888244,0.33169871497908987,0.05145276331905794
40,2,0.054434595908236176,0.054427317007921756,0.4688067231625349,0.05447572480705843
40,3,0.053635144044996225,0.053587108826703936,0.1550254955720296,0.0534792643242717
40,4,0.0528015718902359,0.05274055482346933,0.0976027173717724,0.052927942966537106
40,5,0.052799219499787844,0.05278050769799471,0.7940982505095687,0.052697586530959156
40,6,0.04983481564819042,0.049834406490739794,0.11377767758399046,0.049919841038268575
40,7,0.055666801921839294,0.05567122724431452,0.4663370628852314,0.0558452083662227
40,8,0.05054832546968605,0.050542437623896104,0.19856531805325234,0.05026533099048317
40,9,0.052701351981556566,0.052669190438145226,0.13932500798758593,0.05301220773821764
40,10,0.05449487303757527,0.054457875258562126,0.11559658601399059,0.05460908739474596
40,11,0.06681570294327292,0.06680441896160158,0.577917280096452,0.06851395466978709
40,12,0.05167074203163509,0.05164720959457864,0.7950702722587624,0.051542173783951456
40,13,0.04915828810523853,0.04914742366157182,0.17266009571991284,0.048972723730409735
40,14,0.06303285151370468,0.06303343231037989,0.250195096500911,0.062246294844763045
40,15,0.05658732873519855,0.056569334474453954,0.18705736295910416,0.0566070800324654
40,16,0.052393519027329964,0.05233887536114407,0.13566185705181674,0.05236808403259413
40,17,0.062066956179651585,0.061958072802062704,0.09891303892930953,0.062244298473127214
40,18,0.05421639766904399,0.05418630060134436,0.1406974866140901,0.054291686248905124
40,19,0.05292769695588469,0.05290226681258911,0.09225564405477042,0.05277969916406309
40,20,0.061040058388192056,0.06100990118178281,0.1174484125442837,0.06097953248896182
40,21,0.052582253749410314,0.05255056593656494,0.41139690109292015,0.05252236239136972
40,22,0.054155186974573305,0.05410463923572512,0.09649182050827114,0.05425456313266104
40,23,0.05502366123696102,0.054984499597122136,0.1307338980868422,0.0551125098342346
40,24,0.06429441741676706,0.06428548044998278,0.3830788039938059,0.06341982431872312
40,25,0.04920381093097138,0.04919122390729588,0.25915411350150647,0.04969273889054301
40,26,0.056380086462166114,0.056339683340556126,0.1588323852607133,0.05582885261006666
40,27,0.05358118639806734,0.05353305427779313,0.12278324174294585,0.05399027898201609
40,28,0.054682429134634905,0.05466077376240403,0.6092864013921792,0.05574059439848605
40,29,0.05450968854755958,0.05447194112324694,0.09591959790248053,0.054430835540776094
40,30,0.05771724532684217,0.057716093612072736,0.1840976145687561,0.057594348494032915
40,31,0.05883949120098869,0.05882698639994551,0.11293756153416405,0.05868363707379128
40,32,0.05373834235883838,0.053625385868172656,0.14235941830543883,0.053752766698768106
40,33,0.05553410719091304,0.05537667475297897,0.16405185326435948,0.05538355782579295
40,34,0.06835315892842324,0.06826514781773851,0.4178633303671835,0.06814690449337611
40,35,0.08364098096125151,0.08362973943695717,0.27875859682681425,0.08367940639643374
40,36,0.04927533526110139,0.04918936912149162,0.14426452953702706,0.049321243366442793
40,37,0.05622014061696969,0.05605475143921444,0.17932682244130305,0.05622914705976909
40,38,0.06216603908935527,0.06217160433032778,0.13013108415644883,0.06323114527228478
40,39,0.05181021828646218,0.051765195108917826,0.1375067568436958,0.05183983542563439
40,40,0.05045080307837896,0.05042989058157694,0.1292937388646208,0.05027854775892856
40,41,0.052671814530578856,0.052644871502574846,0.12613492935687648,0.053372904639535514
40,42,0.05337551932480824,0.05336675167128179,0.11188553933564285,0.05339388941919452
40,43,0.053304359692768255,0.0531942603708198,0.09053332059179087,0.053241012741257566
40,44,0.0663089604128415,0.06631257410994054,0.3432990111932556,0.06702414913491507
40,45,0.05994807664461147,0.05969903816209224,0.0885672371744437,0.059664904150181435
40,46,0.06115106097679546,0.06107531707242511,0.11925502730193417,0.061215443972987775
40,47,0.05029072704256046,0.05021439711739324,0.3112623913456969,0.05016578557264217
40,48,0.07331278759567386,0.073370541377405,0.37459772656582463,0.07524202787460163
40,49,0.05135127332957023,0.0513409211892279,0.2181544820831717,0.05115730853602716
40,50,0.07359740110281963,0.07356747966179454,0.42595202499663387,0.07322742843233239
40,51,0.06179912886718326,0.06176262462961057,0.15777171250675942,0.061956505253534966
40,52,0.05581802753008703,0.05578726515773977,0.28694957813020505,0.05581471713672288
40,53,0.05662152433406643,0.05656350705464694,0.14221336979521682,0.05702105855721507
40,54,0.05341487785159043,0.05329957922346025,0.3057615557715112,0.0531082443833113
40,55,0.05268301579041417,0.05266088462559569,0.5164543819409038,0.05225943095384536
40,56,0.05167287664570487,0.05165010938844128,0.6652478288354066,0.051376063859642676
40,57,0.062122178660331775,0.062082834614624556,0.1738160760158375,0.0611330736756087
40,58,0.04912467842155251,0.04911680594995859,0.10672099366276518,0.04926100540930129
40,59,0.04854205287007755,0.0485224074760998,0.2967689804337272,0.04868371646791297
40,60,0.052793743421368326,0.05279627213296001,0.5085159685252599,0.05255945802327511
40,61,0.05339061285268994,0.05337137253368199,0.2911621218251742,0.05353323008977925
40,62,0.05197678237222445,0.0519311699138616,0.13814250437528808,0.05185943762408998
40,63,0.0510627132607024,0.05101476538274092,0.21273820494024312,0.05109134361395527
40,64,0.05436056893266308,0.054343344287621456,0.2173936219865355,0.05482456428339774
40,65,0.05228225752958981,0.052232549074521184,0.7512284830401433,0.05218621866548321
40,66,0.05321270318576077,0.05311783711885403,0.12033494186713274,0.05335840696738869
40,67,0.05632708951245241,0.05625073809197927,0.1594564303918956,0.056253380223641035
40,68,0.06437133491426378,0.06432073414237556,0.35463354672644826,0.06422485641511295
40,69,0.05259837060264691,0.05255336220151517,0.26787635366065216,0.0527763913606868
40,70,0.07978825099077096,0.07977918839842323,0.1588891859072159,0.07928220817513643
40,71,0.05368877170200086,0.053626062732766475,0.585350320455683,0.05358717951897979
40,72,0.051206723772537883,0.05115348062968409,0.10632498196165713,0.05126425775691438
40,73,0.05751131493088632,0.05749008916066939,0.09039759190808834,0.058175821598061964
40,74,0.05317065710078166,0.053137919179292906,0.7815260184950426,0.052875227003011914
40,75,0.058143789691469425,0.058123530064660575,0.41780878253081444,0.05772465987396712
40,76,0.050049707488622544,0.05001349457728606,0.15164803810000355,0.05011192659022422
40,77,0.051598523370576986,0.051521948622731885,0.12115399056036959,0.0515294960556777
40,78,0.05500767363147704,0.054956233086506365,0.45295411527644885,0.055158035320822765
40,79,0.07645573096624453,0.0761548953202583,0.5152720308754085,0.0767337735777255
40,80,0.05496069059915917,0.05493838481304154,0.16170219118657503,0.05485888706819071
40,81,0.053255823679938585,0.05318282656635751,0.23568118667955773,0.0530833666975294
40,82,0.05348747195232494,0.05344742495184441,0.13420908087802821,0.05357181232977115
40,83,0.05636041449343778,0.05620803648205257,0.5063468528660051,0.056312383829765986
40,84,0.052095407020650866,0.05207146221254716,0.24504117145550502,0.05206518360914031
40,85,0.07068661341394848,0.07067810931325995,0.9797493539264437,0.07108031687687068
40,86,0.052567309253505994,0.052511116459528384,0.1571860893287877,0.05261538103256911
40,87,0.04951180109801853,0.04947629367933203,0.12389613659292827,0.04960629430922726
40,88,0.05706947540549312,0.05700302916312135,0.19167849556437647,0.056979841235404755
40,89,0.057806816637429856,0.05776047501280731,0.14414282563585543,0.058874339864980085
40,90,0.051783421790457855,0.05179862603715199,0.110378673593357,0.05159455098596862
40,91,0.060818062450566104,0.06079963290417463,0.1336313462021684,0.060198759754629884
40,92,0.05098259441922021,0.05095938669465369,0.17560722415750202,0.05091578563681271
40,93,0.06734056741566133,0.06732824592742082,0.32827675148387364,0.06807744484228065
40,94,0.052838832464122694,0.05277204329370089,0.129611931460874,0.053187033486645066
40,95,0.05390804292148178,0.05388665101398986,0.14043456852903632,0.053921398522103814
40,96,0.05051273761303347,0.05048270516091508,0.09093117236004572,0.05061086536482796
40,97,0.053708383836464785,0.05370406145711721,0.3221120431950721,0.05362687372400883
40,98,0.06415265966725754,0.06409891558374577,0.3497457517795248,0.06365386495908867
40,99,0.062195269952172214,0.06218194762688957,0.8539897335944009,0.06264451199197425
50,0,0.041065904403896916,0.041069706874850787,0.21208096909030386,0.041080622088408104
50,1,0.045155832222846325,0.04516603942652828,0.09874521181421095,0.045208636177204456
50,2,0.03954780266683966,0.03953470915914849,0.2174548980283182,0.039647411862261374
50,3,0.04637783721388344,0.04638152631543084,0.2537005106671979,0.046520382326527235
50,4,0.04095665444937759,0.040951490526573174,0.15894333392648874,0.04123424481223817
50,5,0.04274565168110497,0.0427436576451084,0.10371842583134847,0.042627200927952545
50,6,0.041522700490345045,0.04151661995870532,0.530922901494629,0.04203943587396503
50,7,0.0416032860681494,0.041603715053439384,0.7054062322030284,0.041756593913209385
50,8,0.04652394085616095,0.046521667404781926,0.1568596433399609,0.04663077742047372
50,9,0.04466650921012613,0.044673467118084245,0.42038407534715033,0.04390010836090132
50,10,0.07409642986674676,0.0740947344793743,0.11335110935566463,0.07436240945262482
50,11,0.05188414038938008,0.05187988367282042,0.06747182769381246,0.05229647733160396
50,12,0.04017703890203551,0.040182158807427176,0.06657245114974324,0.040250363722104485
50,13,0.042576595658796304,0.0425750047715733,0.058510196257896836,0.042584825222930014
50,14,0.06407500787285245,0.0640112449424377,0.099448308454786,0.06431353678342985
50,15,0.04278669131962667,0.04279137536308058,0.07319132363208543,0.04299430993881195
50,16,0.04501058612508684,0.0450139268094829,0.32161403897575735,0.04481290480647109
50,17,0.04342477111793058,0.04342723083553329,0.08766734638212914,0.04358584797681559
50,18,0.0485776821738096,0.04857612058696483,0.12183377311015756,0.048448554215886
50,19,0.04423555024114368,0.04423408584307192,0.107345014018784,0.04404460500442821
50,20,0.04207019530824741,0.04207898135671787,0.053136466885975245,0.04205941226329642
50,21,0.04100642802527732,0.04100944234908398,0.29063285967229574,0.04097216593020632
50,22,0.040692761144350664,0.040691155780400966,0.23036840801565323,0.04059021067800389
50,23,0.049487275997952815,0.049488669769635646,0.25900483086599263,0.04955677164176136
50,24,0.038715876318233755,0.038711965297490714,0.7213025088970914,0.03883853049565303
50,25,0.0481606740080879,0.048162900075066184,0.4293046842611145,0.048228090557562775
50,26,0.057164503664771577,0.05716138119519589,0.2375525947475853,0.05718552660579639
50,27,0.052920950406436636,0.052875236147736926,0.5758782678204915,0.053243383711333324
50,28,0.04568611730355343,0.045667067511716036,0.06327621379095827,0.04564682317273979
50,29,0.05640406919568321,0.056408101502260596,0.20694984913241468,0.05613158517543629
50,30,0.04209706089421118,0.042105358882957564,0.10124570977740764,0.04201312825012392
50,31,0.042260053217421,0.042253677602612075,0.19335932549846946,0.04229773432679263
50,32,0.045288195922030164,0.04528071607977579,0.07150758718229543,0.04553970297098063
50,33,0.04628999781211428,0.046295128059432276,0.07078692324850216,0.04612107030887648
50,34,0.045041968382553144,0.04504481888336699,0.5051248773794114,0.045210633742514904
50,35,0.04304455267881401,0.043043471937915787,0.07454636209248344,0.04333042772989459
50,36,0.05044682424382311,0.050440938748285834,0.08117286348266865,0.050681885292035884
50,37,0.04114311455121491,0.0411232052587294,0.3018196591976651,0.041004198786830585
50,38,0.043951903495318724,0.043949647805144876,0.07800839317216225,0.043820282513115635
50,39,0.04251937709711423,0.042526903840143196,0.09466855484339184,0.04269591126946422
50,40,0.04476673994781678,0.04475237626742448,0.23037276037352,0.04486531133671934
50,41,0.04756435559261337,0.04755917778840108,0.15003919191542622,0.04757525915268611
50,42,0.04520396644684652,0.045235509523151654,0.08756587179795484,0.046637673807502646
50,43,0.03962598381875486,0.03961802445204574,0.2056330240137149,0.03991204246034629
50,44,0.04310538598171434,0.04310939772959793,0.3963167836273433,0.04319003733766423
50,45,0.04689366179423313,0.04689299686405928,0.07466804816563559,0.04671770755205995
50,46,0.03989315346699346,0.039896492788317764,0.8350092453344342,0.04013513062279189
50,47,0.039743374621495235,0.0397409435975304,0.08325513583011156,0.03981752662551207
50,48,0.043223631145330996,0.04322922138479924,0.2515420922376739,0.04314063641462243
50,49,0.04239959119639203,0.042395609328039624,0.11637338695706169,0.04248485330963572
50,50,0.04650865249027415,0.046510109739497534,0.18094015592245283,0.046539850355422796
50,51,0.040873745542510755,0.04086607133414612,0.07158516177454786,0.04108061191301684
50,52,0.04117013457334135,0.04118018737389359,0.06289447626457928,0.04114643373429809
50,53,0.05362744800540747,0.05362393740166962,0.16429923482010678,0.053856966690486834
50,54,0.03951627683159058,0.0395223801606043,0.45246525411683575,0.03962581822310381
50,55,0.04468055462481391,0.04467987377542736,0.06979156287044272,0.04462222026887604
50,56,0.04596136163168234,0.045964025550214456,0.24705872462073772,0.04627477402553846
50,57,0.040286245649279705,0.04028574783938934,0.3510864469376592,0.04027435276645162
50,58,0.05105677339354311,0.05106632508012897,0.4447224348713503,0.05098088518757488
50,59,0.04113082805402525,0.041111851006200024,0.3494789985245014,0.04092102480037845
50,60,0.04118952498904415,0.041202500280573366,0.4017242894634086,0.041113926742360356
50,61,0.046770953574329796,0.04677670140624755,0.15393233294534928,0.04677056470771282
50,62,0.04193279906699517,0.04192773909341776,0.3181718369422943,0.042148516748759024
50,63,0.06493840738175834,0.06493327201152989,0.24759255255243606,0.06492584582021237
50,64,0.04118823000210491,0.04119217615666475,0.07558320888557743,0.041156532997973984
50,65,0.041953935431321136,0.04196296458636884,0.8528442361108948,0.04233306924826246
50,66,0.04477362375037561,0.044786059580963176,0.12503986557893865,0.04485493022508983
50,67,0.044131053219292546,0.04412075849535383,0.05978192864183636,0.04393815710046614
50,68,0.04500890058317205,0.04500864209981079,0.43764561016912057,0.045346650205380826
50,69,0.04281655497978591,0.04282199051009911,0.2028847872258387,0.042568049429997784
50,70,0.04604940501046398,0.04605722454044331,0.07716185837309096,0.04656861002979888
50,71,0.050548361627600534,0.050546866649154476,0.08515980647754753,0.05048790327872161
50,72,0.044747383197095765,0.0447510640954445,0.13170594296631224,0.04453797275440573
50,73,0.0429952509031428,0.042989984055220094,0.14797323933276318,0.04303490400292467
50,74,0.04549197985003559,0.04548325009266673,0.06425225119936262,0.04553350939153493
50,75,0.0440110182315753,0.044012239071123976,0.16720814993817204,0.04410304936830838
50,76,0.06055902981357754,0.06057009112598546,0.7567451978249305,0.05970448089214111
50,77,0.04212575781841158,0.04209651232331335,0.37106731172315355,0.04233223468657767
50,78,0.04405857888304836,0.04404963542282452,0.45585757078599515,0.044106511520641226
50,79,0.044499191040383336,0.04448688747562337,0.15655634013903316,0.044540530694432715
50,80,0.04129286722937626,0.04128593525088937,0.530931042220968,0.041530652198777995
50,81,0.04744641447386389,0.047445666485121045,0.10176528789653472,0.04778387270811418
50,82,0.04131970792701826,0.04132122965594792,0.0762801123581787,0.0411933977361437
50,83,0.04225626646281425,0.0422602718912185,0.14160430159300533,0.04219648110387748
50,84,0.03994947754628283,0.039950657153533436,0.4658609530763146,0.040046750442447134
50,85,0.04037675877507415,0.04037164065264447,0.33845448833458464,0.040386349755267885
50,86,0.05039122860433228,0.05038886103381467,1.0225426719171415,0.05070018324660134
50,87,0.0403389209417954,0.04033778101497819,0.05348477507263975,0.04036051100210279
50,88,0.044443167321181705,0.044457751395072256,0.09475239858548168,0.04433601926156492
50,89,0.052010780641900005,0.052015615366467004,0.1743404798423314,0.05183159370553195
50,90,0.0510182064210763,0.051030652848560024,0.1131315398315695,0.05198161041465026
50,91,0.0409871428753341,0.04098177090072602,0.08013678743418903,0.04102601409135569
50,92,0.06917571181526634,0.06917216465686297,0.08736116054375502,0.06881999699659029
50,93,0.047005168955153935,0.04699546726508466,0.07664883998865793,0.046645742514271366
50,94,0.04922522346656828,0.04922099452370071,0.10501111123197467,0.04979478475645153
50,95,0.042307825237711705,0.042301213589209255,0.3249505062850309,0.042393334262378714
50,96,0.05372987690797208,0.05371512666578987,0.1959075587245163,0.05345082936654383
50,97,0.04457715822098985,0.04457678786302566,0.6762467089729141,0.044636483573746596
50,98,0.042048731816213526,0.04205754679099534,0.08417353187195203,0.04253926410201368
50,99,0.039749734172775074,0.039751714971604776,0.055402966624330315,0.03975068514539459
60,0,0.04209922988434215,0.042111865840165415,0.097081460559509,0.04215284272488525
60,1,0.046205962923446475,0.0462378108804902,0.6207847104081674,0.044552527239773536
60,2,0.03578086390347699,0.03579047905012984,0.05487102745495807,0.03572805741155537
60,3,0.035937546978132014,0.035942539244989406,0.3287457259389973,0.03647213592637325
60,4,0.04194370626105512,0.04195750118283591,0.8208436370388748,0.041830539075032876
60,5,0.03509647760078188,0.03510056581469078,0.12505881706669603,0.035096549079175005
60,6,0.037871355057315446,0.03787476621651565,0.1404893200986856,0.037842897456678994
60,7,0.035038620081809614,0.03504375969660125,0.1630896850043712,0.03515903941645757
60,8,0.047689088793217406,0.04770167059809937,0.7838818826186855,0.04848110046509112
60,9,0.04176397683690999,0.04176152606256059,0.09050297095702428,0.04174700994046297
60,10,0.03746565313927295,0.03746858875817539,0.08925494526702644,0.037339506681450384
60,11,0.032622498126870375,0.03262865512919131,0.4621225232350741,0.03264071958707271
60,12,0.037412506614600965,0.0374189740388175,0.457643226204861,0.03740794303252742
60,13,0.03965415253645977,0.03966115786411499,0.0725699209359103,0.039698329152427145
60,14,0.038066734568379126,0.03807099403431556,0.0478032073493391,0.03818028266126707
60,15,0.03316793080969297,0.03315485447101519,0.25119943316883175,0.033229594180996636
60,16,0.034838529489265864,0.034846511151653374,0.04970971755486235,0.03484667777401481
60,17,0.04525654296599815,0.0452604766203123,0.46595885322043956,0.046111094912181814
60,18,0.03636113851076131,0.036365180128660766,0.10466754848394358,0.036182356755568745
60,19,0.033231975215775186,0.033237145145368595,0.045018619953906346,0.03331442094474851
60,20,0.03580661214338388,0.035810061871989686,0.047341012799887436,0.03612213927645083
60,21,0.03577817935697743,0.035785986632082135,0.05740528016099684,0.03564790251071019
60,22,0.03398784229136338,0.03399622174745582,0.12974146368820244,0.03405956786629606
60,23,0.03331240940958054,0.03331722867253595,0.11141365613302459,0.033345406129570175
60,24,0.03549093315153334,0.03549777728496361,0.05433983684662308,0.035652830025655925
60,25,0.03610929834268495,0.03611269990578323,0.05172558977762419,0.03615119133565834
60,26,0.0361630909506062,0.03616240300073742,1.0176780853154903,0.0361227272601747
60,27,0.04564530311668526,0.045647330012002364,0.05805404696086077,0.04595591063702382
60,28,0.03504812490091285,0.035046863062576566,0.14699518157765518,0.03519048126507683
60,29,0.042557181965335006,0.042567374744622834,0.08756448310820723,0.04286987402161029
60,30,0.04637022769982911,0.04637264157064053,0.09304722712288374,0.04657945910707365
60,31,0.0347225343150286,0.0347288707930767,0.06281077440804679,0.03484840898275215
60,32,0.033651590996066856,0.033658910309665134,0.16836154457228167,0.0337216288026612
60,33,0.035362184810125825,0.03539197785347595,0.7144301472118958,0.03450834689498202
60,34,0.03507108733403291,0.035074777878671644,0.12368165935222844,0.03510590928230527
60,35,0.04619642125739118,0.04620510328378441,0.48175098834285945,0.045612101885243936
60,36,0.03400265216701722,0.03400575981574627,0.07447584285443253,0.034109832192420475
60,37,0.03443741965750538,0.034435229693262015,0.40717063330703845,0.03442468002912857
60,38,0.032610077850746225,0.032616093021885395,0.050381111536725136,0.0325073190218218
60,39,0.035947615797547225,0.03595235760119208,0.10498788513974032,0.035830281496026496
60,40,0.04006416401056901,0.04008093944508693,0.13253118971350616,0.03986505314090098
60,41,0.03798821380026179,0.03799868094131292,0.07739132890393366,0.03839708220168619
60,42,0.035688092233623826,0.0357034065718568,0.1439633544781479,0.03540668937216983
60,43,0.03806984577357686,0.03807081390838334,0.07097033134827592,0.038109630510163875
60,44,0.033590109991100014,0.03359864919991034,0.07026621449968282,0.03349041913363285
60,45,0.034940249877685285,0.03495163730725311,0.09745584782402768,0.03475793132056639
60,46,0.0410677988508989,0.04108535574710874,0.11056539831492972,0.04091830938004768
60,47,0.035744276822899414,0.03574872272204465,0.08127072015037887,0.03575140265068629
60,48,0.03435555314506149,0.03436030813012357,0.4656827501044933,0.03439275634988358
60,49,0.03677696749058475,0.03679157323718916,0.06719500516743547,0.03751544744483192
60,50,0.0348471912903702,0.0348498115315136,0.3209892077708469,0.03488440432819702
60,51,0.04576968911656917,0.045789030708054075,0.0930319241649318,0.045416531589705884
60,52,0.04235217312034434,0.042352341056881154,0.04864992694494205,0.04226987471859521
60,53,0.03859749636927956,0.038610786798939666,0.0861908510624561,0.03801749489833706
60,54,0.034990269675981976,0.034996069183458656,0.7678682875975408,0.03552694452597929
60,55,0.03546080056944798,0.03546204123176242,0.07777573479290552,0.03547391345477273
60,56,0.0345302672441128,0.034538270672881705,0.9967683258322231,0.03460060778296145
60,57,0.03586414841061858,0.035867450802256694,0.4642224196920792,0.03585818780288159
60,58,0.033985993183251934,0.033990462637316594,0.06508004632159363,0.03412869713508529
60,59,0.03881152809908105,0.03882704924696759,0.0723878161700504,0.03892699856494601
60,60,0.03881154078672315,0.03881330739536225,0.8785087452742535,0.038670975942854006
60,61,0.03361984731519077,0.03362407735026681,0.1600140043236793,0.03379935348526613
60,62,0.0355194243077734,0.03553446250356244,0.1275729403323881,0.03550005602613974
60,63,0.038737134660596195,0.03875617134222175,0.05268773550339127,0.039296792160742125
60,64,0.03475000068533996,0.03475352031509464,0.04099451313103019,0.03466949565889671
60,65,0.0395288919295834,0.03952436878350791,0.4508848222259693,0.0397407016584611
60,66,0.04156237200930548,0.04157174102251082,0.06679090455932561,0.04249728498884871
60,67,0.037586387868216026,0.03759424092802616,0.08142638822334346,0.037704994218086936
60,68,0.03633495580733666,0.036337911483847726,0.06996286074026316,0.036175570331175314
60,69,0.038340213079221946,0.03835085503751133,0.09615069745140264,0.038429508876945184
60,70,0.03315257577750564,0.033158749824968595,0.14686900355219498,0.03305097928992631
60,71,0.038904357575302244,0.03890776815664314,0.4498647444229919,0.03873906692161818
60,72,0.034012818396445196,0.03401785064191161,0.0929901097021329,0.034086918883272706
60,73,0.03584379739157345,0.03583980515604097,0.07346412654703412,0.035949144881590275
60,74,0.0350359099280553,0.03503850766394498,0.14776474610856857,0.0349033203024312
60,75,0.03474581458717424,0.03475000901654072,0.05231690517322009,0.034793504365648334
60,76,0.03596354536353069,0.035975772252674426,0.04922865908431945,0.03604806757310222
60,77,0.03415625672271881,0.03416736291847234,0.12745855978315687,0.03423483332277828
60,78,0.03488676694615401,0.034898268232357234,0.8326057000134579,0.03450463498253241
60,79,0.032970463917690485,0.032973967878161876,0.07426356670989427,0.03288957902864626
60,80,0.042062034959966535,0.04207402542534863,0.07851538365497406,0.041947927757906636
60,81,0.04018188501336221,0.04019646981066582,0.07070736131584766,0.04034988152422591
60,82,0.03888431265400475,0.038896894672440945,0.25350983650348247,0.03845928944253609
60,83,0.03156560929395269,0.03157417105878539,0.09352894438391961,0.031734989651056256
60,84,0.03324656550558369,0.033256457564505786,0.09168941874192034,0.03345205150932588
60,85,0.03699760439228643,0.03700249175772225,0.5793765442272286,0.03736643472352368
60,86,0.039355595290423054,0.039365064112063156,0.28347886914504333,0.039422387979384604
60,87,0.04303812710134453,0.0430512232401736,0.16955457592345935,0.04333953863343154
60,88,0.03731512329314439,0.03732068210859284,0.048640361151925764,0.03728879091352399
60,89,0.037147574072630536,0.03714844478401927,0.3278529559891195,0.03724536066616435
60,90,0.03751099004071354,0.037507032171683705,0.06507865217946834,0.03744856026598562
60,91,0.03402441824201618,0.03403004770477545,0.056976388597914616,0.03406232396447243
60,92,0.035077952562017976,0.03508343890919417,0.46769669120218615,0.03517211306194535
60,93,0.03509583357735703,0.03509824482364826,0.1873488525969462,0.03509402333045558
60,94,0.03463073566754074,0.0346411570430762,0.10864538447837818,0.0347748774630059
60,95,0.03536176625922275,0.03536183966781256,0.05912177414649805,0.035310618711365864
60,96,0.0407998422869884,0.040802996874865737,0.15385997316637873,0.0410195784765024
60,97,0.03432010500300928,0.03432682564719929,0.04091871905481581,0.03431321454007398
60,98,0.033774602420183264,0.033777942623815956,0.06455598478750223,0.033775421983429324
60,99,0.035510451212893125,0.03550873583364563,0.0999807262199918,0.03554252356059606
70,0,0.03014372220918931,0.030149991919414657,0.16674275406851963,0.030193496951640895
70,1,0.035875467367736,0.03587732510214849,0.05943940103618375,0.035821405626545545
70,2,0.02805782623925747,0.028065899617043866,0.05809264481593046,0.02816117262957411
70,3,0.03259744485056831,0.032606024744822354,0.264774485980924,0.032740690037771594
70,4,0.029773634177625682,0.029779294340667384,0.045563053775655095,0.029636376775595403
70,5,0.03226681411132447,0.032270445778701445,0.046483650652931786,0.03255206314790735
70,6,0.03381699748506436,0.03383030247690764,0.11587834381547805,0.03378830696829963
70,7,0.029794536113711096,0.029799974938081033,0.266384648289681,0.029847496628358113
70,8,0.0290593968305393,0.029066292304837874,0.2206622540303159,0.028808192842471235
70,9,0.03469877781669045,0.034714735405881755,0.14819112116311633,0.03511179665483071
70,10,0.028186746330358736,0.028189750895736044,0.06432503019591723,0.028198899417976337
70,11,0.03942422849194433,0.039430991431674646,0.050585788158295134,0.03942903891454772
70,12,0.030673750500582495,0.030675743897395233,0.461994429062326,0.030793055583552553
70,13,0.031012406920489677,0.03101715106856421,0.08638605602219941,0.031057447413907695
70,14,0.031476680552271846,0.031481865515367316,0.11531259796601966,0.031765771185830585
70,15,0.035099060439324155,0.03510064664299908,0.08785662354416507,0.03509352746781496
70,16,0.028620787375090988,0.028624373640866632,0.046880077903985205,0.028753224636424393
70,17,0.03173755904651355,0.03174325222486251,0.035489997359569,0.031820974601733325
70,18,0.031561100407820945,0.0315669640154545,0.07273084971876628,0.03153007753610095
70,19,0.039201636931052275,0.039218804716856265,0.08082997638799364,0.039031425770994894
70,20,0.036278267008830675,0.03628496014949946,0.09980074331125213,0.0361016681308823
70,21,0.02939701389585911,0.029401929277691113,0.04072927133818846,0.029386477836057443
70,22,0.031458888118163074,0.031461619935549266,0.17492505833707725,0.03154367008524981
70,23,0.030362461680474434,0.030365030801262904,0.498625614828695,0.03048187810228186
70,24,0.030916378295034384,0.030928412593560915,0.3817541117635761,0.03104199876726641
70,25,0.029498577968991736,0.029500430223015774,0.09979271618255654,0.029492073132919818
70,26,0.02946556390586494,0.0294725371963938,0.03930805272477155,0.029435203683669784
70,27,0.028044802463382305,0.02805410006541042,0.20645112483098252,0.027900401562339232
70,28,0.029911336203076608,0.029916777209220587,0.09879427162786812,0.02987436705972714
70,29,0.03036292337131923,0.03036931673769283,0.050476426023471375,0.03040936866599381
70,30,0.029815619207117262,0.029822809979553645,0.038213224326735754,0.029694271836290694
70,31,0.03753240705499106,0.037544232406147224,0.044694481262822855,0.037391920464893785
70,32,0.030232055993371237,0.03023404846394723,0.04856803623204928,0.03026476103339731
70,33,0.029823770978513024,0.02983384606892237,0.049182865468566844,0.029766583926390647
70,34,0.03222901742460998,0.03223722727977161,0.5950691066529139,0.03194032674211933
70,35,0.0349544854390141,0.03497573852226615,0.1488881272933931,0.03489233893592526
70,36,0.030142906428303,0.03014783320145881,0.07764326562113183,0.030168602812786945
70,37,0.03726578162137174,0.037276054169998234,0.049168725664796145,0.03733546545746595
70,38,0.033654065433539194,0.03366306306112814,0.08908056869857205,0.03380777044443595
70,39,0.03072021719022873,0.03073151057033936,0.061211293560605735,0.030688284898382743
70,40,0.029250312263745294,0.02925432015942426,0.07687249528531893,0.02930778568048719
70,41,0.028457073446879182,0.028463030864401325,0.03385393407069236,0.028442345324620977
70,42,0.029568530681307957,0.029571617403798024,0.03490077180179793,0.029546729411447713
70,43,0.03427341341638007,0.034276076320063686,0.08833063232306965,0.034274755095132094
70,44,0.032289284650725815,0.03229138493015832,0.10793325047061365,0.03231111323326881
70,45,0.029632635027788286,0.02964057376256883,0.051750209445510946,0.029803911138091218
70,46,0.03829894358727161,0.0383121891230237,0.04245572109984661,0.03874618267638624
70,47,0.032078834600145274,0.03209005151303886,0.04467406664027893,0.0320907174146285
70,48,0.032003408847640906,0.03201466240104022,0.08940758739863047,0.03215462174533636
70,49,0.02871828422883709,0.028725039661318563,0.07891749452368077,0.028881506301549204
70,50,0.03258899483956112,0.03259180432432015,0.09842288935526532,0.032667134380977327
70,51,0.028524498829632386,0.02853016689382664,0.05071586070772857,0.028524279298861203
70,52,0.031955767645993324,0.031961216391596964,0.04512683505516879,0.0319207510247587
70,53,0.030651080545971487,0.03065836520128977,0.037202792004444846,0.031133970282547573
70,54,0.03151754396420133,0.031526983067944825,0.07060384641037211,0.03159806413454337
70,55,0.03499245848484919,0.034999495798906315,0.0388529902760539,0.03497759418610573
70,56,0.03166925595706454,0.03167122622396055,0.03972174587032445,0.03148864922413164
70,57,0.02997668951908014,0.029984328828022225,0.5568203641385144,0.030050258848935318
70,58,0.03838272256809834,0.03838540786483495,0.0996679705993161,0.03836539297768782
70,59,0.03072950560318386,0.030739012370246233,0.06053161405583487,0.030647912510495815
70,60,0.030139350571292703,0.03014740223493087,0.6088122332984364,0.030305410399363655
70,61,0.032025423419529825,0.032028894649944954,0.04295477458909967,0.0319894015515176
70,62,0.03084159551407067,0.030848854777108272,0.05649126241015411,0.030903654636597014
70,63,0.031229723327375288,0.031235778632575987,0.1404725380088959,0.031208864247685902
70,64,0.028758905538526846,0.02876524181622072,0.08096070964896965,0.028895916336409058
70,65,0.032095451693214386,0.03209977185932802,0.07696386786315733,0.03207717895404754
70,66,0.03446625502749052,0.034476935668846395,0.9335589777708896,0.0346496712912648
70,67,0.03228853969911816,0.032295778435630244,0.5750826654391278,0.032752978559758734
70,68,0.029913970226775156,0.0299142255610089,0.25485215143817375,0.030052507951096184
70,69,0.03331500469251314,0.03332060405462226,0.15535603527896275,0.03330640515864414
70,70,0.03074165774140441,0.030746267248084536,0.037747146417762556,0.030873303293537997
70,71,0.0358495019592019,0.035855472866704985,0.04448397168350844,0.036156704963323225
70,72,0.02924366612161134,0.02924965716312984,0.034953988282977064,0.02929803858575901
70,73,0.030162218237608302,0.030165263124557307,0.10735817449138743,0.030272628621161687
70,74,0.038645313909661916,0.03864735377136987,0.05410662036583091,0.03876307355794565
70,75,0.033048156768424194,0.03305101620975085,0.078326958273757,0.03301748096367712
70,76,0.03543883247429731,0.03544059769714846,0.09847888988456821,0.03530932528480323
70,77,0.0317698861497568,0.031778881523548665,0.03882860187611187,0.031867770942741264
70,78,0.03525942939003451,0.0352594240212208,0.08515567432249792,0.035293712969995006
70,79,0.04518378519796501,0.045190643658481945,0.28800083153412626,0.04463487355464318
70,80,0.0350106913188323,0.03502694330024059,0.6610435162399025,0.03509980480666916
70,81,0.037978410740456665,0.038004439654390744,0.789926361732971,0.03664781115513167
70,82,0.0350885422987939,0.03508952845538289,0.22254979888653725,0.034990158412760146
70,83,0.039630024787684,0.03963035458199557,0.07856073883520208,0.03968545556900122
70,84,0.037752167019923635,0.037754369331329175,0.06687814241115074,0.03766211890859966
70,85,0.030589328175627994,0.03059621053718207,0.19568099966288038,0.030710753897336525
70,86,0.032912617272862564,0.032913478997343044,0.11005391389193257,0.032945808862324885
70,87,0.030574416388632866,0.03058143767592255,0.427602588626975,0.03034685787548249
70,88,0.03283384738288005,0.03285060839433768,0.07528519528498624,0.0331498756599186
70,89,0.031819328464769106,0.03182483335309711,0.04313691532246619,0.031931898276236416
70,90,0.029700289311513996,0.029705502640030957,0.5043722819950268,0.029658224998691446
70,91,0.03054956534038905,0.03054926535548765,0.035753874444945696,0.030615256072629982
70,92,0.030824054240365998,0.030831150118007286,0.0355902371233934,0.03088038029633882
70,93,0.029000209220087707,0.02900319010676129,0.04162408756309982,0.029059510109624324
70,94,0.03140921620231812,0.03142309263572309,0.31943035131320885,0.031592354233800295
70,95,0.031698185688934954,0.03170183636989108,0.05050268476710589,0.03161799631802722
70,96,0.03452435180805796,0.03452941728221107,0.12955146453566924,0.034557362839856914
70,97,0.03080256468768133,0.03080844842877676,0.6219741742558185,0.030602549047725643
70,98,0.030299962871034924,0.03030517257745441,0.1011739838967872,0.030223856147606476
70,99,0.028894901822243184,0.02890010352666568,0.16372136052048794,0.028925443614376906
80,0,0.03217467767190569,0.0321797943652704,0.3781408412009711,0.03237659615424409
80,1,0.027108514194547653,0.02711088109010734,0.1263262793862058,0.027143737035207276
80,2,0.02512594327221493,0.025132109964588974,0.037657557503317216,0.02510122471698786
80,3,0.029181957717542333,0.02918616653426777,0.41646901157434507,0.028923642557090495
80,4,0.02892821956599495,0.028937140601571824,0.15549833194821724,0.028788786513439486
80,5,0.0283617403558801,0.02836507317719696,0.16335239795297107,0.02826187963426
80,6,0.025514611883195714,0.02552214342389064,0.36131435996437467,0.025419726213268705
80,7,0.02781401158572147,0.027815964590428642,0.18861533285664792,0.027721334445870195
80,8,0.02909453896503373,0.029103106699915914,0.15272431252733276,0.029069932304858194
80,9,0.029087544362462858,0.029093295381402262,0.11175999287658149,0.029189004782588658
80,10,0.026143855287979474,0.02614591153758011,0.09873723769086995,0.026205133090346517
80,11,0.029483800554014217,0.029491767317924224,0.05944812236882074,0.02964962974000455
80,12,0.03605619998443392,0.03605703101603487,0.1879466460662684,0.035946011291450204
80,13,0.02973359985504456,0.029735747799673782,0.0378546852285993,0.029739579013787043
80,14,0.0285632402616784,0.028566093126808342,0.03510678212962178,0.0283837783592465
80,15,0.030441597157953998,0.030449199074991034,0.12294745827647348,0.03056487956476709
80,16,0.025580681541121093,0.02558513099835675,0.05364628963410902,0.02564103516370478
80,17,0.026377018069100897,0.02637992797100503,0.08221748647644318,0.026438100669493578
80,18,0.025418664888240787,0.025422767735202665,0.12197974082466476,0.025466912491507922
80,19,0.02587579254252065,0.025877548959178768,0.02901701054174927,0.025822733328632098
80,20,0.026595024095017374,0.02660036930743177,0.028661915209528852,0.026694808975299286
80,21,0.024999242953587495,0.025002446258163752,0.07164840314824633,0.025010246995279935
80,22,0.030221613410110575,0.03023230092646743,0.03144789932607092,0.030243590526084423
80,23,0.02792992834418417,0.02793236775920563,0.03361329576779879,0.02810808573535258
80,24,0.02585146526271482,0.02585536212167917,0.04719473342593625,0.025915021720113025
80,25,0.025619220240095456,0.025626251178655416,0.07937392681585977,0.025723294415199494
80,26,0.025660196974643182,0.025664877207632424,0.02860357509416366,0.025729138384493856
80,27,0.027544112790340178,0.02754996897176128,0.4469570361002508,0.027493588597298002
80,28,0.02901099048128418,0.029018424817530156,0.2562631329288982,0.029159479247067216
80,29,0.026594099327337577,0.026599440745502162,0.053199226828029196,0.026537056889722105
80,30,0.02577290521028535,0.02577609224469192,0.08365162624504507,0.025745947427332348
80,31,0.025765325834444765,0.025767804657433963,0.3240013489580869,0.025727209953955107
80,32,0.02439780407131291,0.024402648831115755,0.12320516098072813,0.024461423382005344
80,33,0.029290646359053717,0.029298154454195226,0.07021225958123721,0.029406943093667887
80,34,0.02656216313366855,0.026569573326419522,0.04105672043512894,0.026753752586844474
80,35,0.02748647298665908,0.02749488704993894,0.2834013602537574,0.027408151212708242
80,36,0.026807204268106597,0.026815306942719313,0.03229356232652733,0.026801589252452317
80,37,0.035240422544370764,0.03524569697575129,0.20039377485042073,0.034826046775202534
80,38,0.025168575992492108,0.02516877321540087,0.03793151592297118,0.025185979832936002
80,39,0.026420972733336563,0.026425863965278157,0.13700743682460473,0.026313206125934907
80,40,0.03153455164831322,0.0315431070810717,0.07623523023003438,0.03164746035194972
80,41,0.02434237288951085,0.024344379266922688,0.06399161502248692,0.024321476861881137
80,42,0.025346699281895386,0.025351490902459802,0.7371868037717443,0.02541728824524539
80,43,0.028665531797632527,0.02866834814143138,0.07929100352662717,0.02873437553139082
80,44,0.030053052998042167,0.030059810981389115,0.05277869802696951,0.030145453903859927
80,45,0.026759472402200002,0.02676094665246226,0.06245415154768285,0.026792138721119286
80,46,0.026961856177391427,0.02696405611562757,0.1460999816383176,0.027021418039308544
80,47,0.027110771538672973,0.027112632766608358,0.028879160411498166,0.027271936849179976
80,48,0.02950374942125048,0.02950933962337364,0.032267808019972734,0.029681630202062544
80,49,0.02720535612006018,0.02720800023025838,0.10762275260092728,0.027256273337651165
80,50,0.04103610366417963,0.04104424549695827,0.2703766188050558,0.041580467629504875
80,51,0.02521332115122839,0.025220017819516535,0.4634866948572574,0.025553489086973757
80,52,0.033814395703246396,0.03381405975952,0.11514533665940493,0.03378732994438817
80,53,0.026687352645853153,0.02669024466355159,0.10358694805987127,0.02670864601497004
80,54,0.03490319924191132,0.03491145424205349,0.0753578533200087,0.0349849769175949
80,55,0.026190419299488288,0.02619537935209957,0.03885727464304498,0.026253697879687354
80,56,0.025859605578358365,0.0258663484091676,0.036863199738024516,0.0258682588295448
80,57,0.029760484441523398,0.029770812391713284,0.037352758900375066,0.030498445610551282
80,58,0.027076228785745775,0.027079429789400644,0.029802180283669266,0.027120202787522564
80,59,0.029604942394336236,0.0296076189931075,0.06842337552071359,0.02956377481658488
80,60,0.028539254811352846,0.028543908583327927,0.5710138631094853,0.028726587322219305
80,61,0.032008181990751505,0.03201125472993896,0.040082664397463164,0.032284758806474086
80,62,0.03174607938426996,0.0317491577530803,0.28372995996222655,0.03152198625775388
80,63,0.026149366989525153,0.026155297875386698,0.06189193292579972,0.02631004902194569
80,64,0.030851508759953773,0.030855947054525722,0.05810992526242891,0.03066247884140071
80,65,0.0261639794449694,0.02616801918472688,0.05149135743597939,0.02620659117969971
80,66,0.027668831032748864,0.027675935432440325,0.26854243741327255,0.027603486426417082
80,67,0.03442107562830362,0.034428370624585286,0.04096752055639702,0.03377504568031776
80,68,0.027910274223740733,0.027916306043957884,0.6938643667699091,0.02800009907332795
80,69,0.03288303825376595,0.03288532367761379,0.036033434169863286,0.03305745060070559
80,70,0.027361350431967628,0.027368800654246624,0.1059396739039262,0.027212295575788227
80,71,0.02539535665552349,0.025399453273247607,0.06653505672462208,0.025405242416979234
80,72,0.02621388866568509,0.026216147957419056,0.0449564458825668,0.026269368844645157
80,73,0.02650891157416419,0.02651203989130743,0.2950210912703445,0.026515153341754923
80,74,0.02547555944197109,0.025481314413117385,0.10496478099056018,0.025475389517910448
80,75,0.026562063185611846,0.026563664010820658,0.11868442036572138,0.026519856698968308
80,76,0.027044482217626842,0.02704765260392129,0.04842733149828991,0.027137432145486876
80,77,0.02556670265733915,0.025569906079902293,0.33872910241751436,0.025540124216847367
80,78,0.025465877564000344,0.025473617953061665,0.04728238954717596,0.025575181886766784
80,79,0.025419149221082953,0.02542320221867302,0.05176698264769668,0.025497384565651496
80,80,0.029735287045020733,0.029743657709904156,0.063193576704586,0.029738268477151306
80,81,0.028234579412746808,0.028241092339043802,0.0432224323448013,0.028251500807134695
80,82,0.024337911236237596,0.024346829671764107,0.026545613827726442,0.02428685777592469
80,83,0.028042357076410784,0.028046702483900354,0.10022790987648404,0.02807437939172304
80,84,0.026282987392922705,0.026285183496180965,0.13695102236354836,0.02636263481028031
80,85,0.026521795076551606,0.026524884983764166,0.12029169947860681,0.026498558942195136
80,86,0.026542422317528465,0.026545759753729536,0.06248325922762726,0.026454482128784446
80,87,0.03823073869860671,0.03823792936071686,0.05117603478039857,0.03825196862236653
80,88,0.03676301051634905,0.03677302995076429,0.11924910366111809,0.036598787843080474
80,89,0.028752833778610272,0.028756598167579705,0.04609682182853092,0.028686404031911913
80,90,0.026203902631070763,0.02620843748497386,0.2975822580967282,0.02623474972648735
80,91,0.02690667180449209,0.026909711835303902,0.05123942205552664,0.026947406461914954
80,92,0.02959105396742285,0.029593057197897756,0.03256482463347378,0.029676228872994138
80,93,0.025374284789535996,0.02537878112764229,0.1761462564308358,0.025298532303187238
80,94,0.02987219729149267,0.02989002407080923,0.19679585484886214,0.030096240856345643
80,95,0.027040621280047816,0.02704310176891305,0.04545391637259861,0.027087123190371362
80,96,0.02692561799980982,0.026928584020353995,0.04038698994540012,0.026995280471872534
80,97,0.02567488234719455,0.02568002781506445,0.14291394456972825,0.025661346130818115
80,98,0.027061974996421958,0.02706909994454506,0.13829387902158355,0.027028672711678192
80,99,0.02470782305111058,0.024712157520446185,0.11731067037760266,0.02472988865486156
90,0,0.02906347062489312,0.029066327957607493,0.05771838954379072,0.029120421524052698
90,1,0.022887843255342183,0.022892003084554694,0.14727596498378623,0.02300217216139485
90,2,0.022487679021553356,0.02249133094086205,0.02814804469174865,0.0223071727125603
90,3,0.024122079378073414,0.024124042673377713,0.18700535059874274,0.024216837002373464
90,4,0.02195958936254303,0.021965468791562033,0.09668867584142714,0.021881929761538105
90,5,0.02276930564202551,0.022771309704067894,0.08561014379525772,0.022744463191374718
90,6,0.022913406692913998,0.022918058318833496,0.028462703303047177,0.022981716614965158
90,7,0.0276007298508841,0.02760719574633442,0.029012348496831677,0.027590059201198183
90,8,0.023407247934452313,0.023409612734398802,0.052310538828090725,0.023453101480728426
90,9,0.02692902497145349,0.02693416164616897,0.2729315445085726,0.026564810783996244
90,10,0.023907996521578632,0.023915498319002745,0.027396134771229336,0.024086690423077144
90,11,0.0268184872012562,0.02682654215842386,0.3638573243709502,0.026905917658273184
90,12,0.023660767059983438,0.02366358373830199,0.053169407823492776,0.02368880065408097
90,13,0.02544886082894258,0.025455259736244844,0.931901653082371,0.02577166019612717
90,14,0.02373976538262553,0.023743002687703355,0.0620864062299617,0.023795431746872986
90,15,0.0252260349963732,0.02522862057525571,0.031905268344238374,0.02527935527238344
90,16,0.024217372315255847,0.0242228680070302,0.03941279179610987,0.024235524766145995
90,17,0.02410166451204172,0.02410562521647322,0.04534953805387868,0.02417152708153204
90,18,0.023964358013147346,0.023970247638242032,0.03208337925449744,0.02389224657874958
90,19,0.026371688097434547,0.026372712891300387,0.25538886424283824,0.026363370586009627
90,20,0.02946047330908776,0.02946034976856452,0.04236186565640035,0.029485729064774254
90,21,0.022640353789672166,0.02264360641273742,0.09366355842455494,0.022687431795838993
90,22,0.022609903943765212,0.02261696710409926,0.029424653851555686,0.022617526166140125
90,23,0.024507153805964552,0.024511075248669932,0.028643142952366557,0.02454948747602914
90,24,0.025368373900954325,0.02537161615223174,0.040169110935062605,0.025435550761577556
90,25,0.02322352150016636,0.023226082040206132,0.029172151329517854,0.023186482334325253
90,26,0.023320813581692076,0.023324461418587447,0.1631171525307948,0.023347263841855728
90,27,0.036078372214338864,0.036079500224282274,0.10448973434691838,0.03584284061679862
90,28,0.027946822399908578,0.027948250064910314,0.035171617748380755,0.027906761837408187
90,29,0.0239797775565639,0.023981754694501006,0.0249084640964407,0.023962988752435067
90,30,0.03141963589540462,0.03141969875588216,0.06590387943695442,0.031642135653341216
90,31,0.023985038741963227,0.023987913882006804,0.14724260044695783,0.024098750788954106
90,32,0.023694502289274527,0.023695722050077136,0.031020795953632625,0.02372502530394431
90,33,0.02589059966818869,0.025895153988420138,0.02755498299298157,0.026082444115962243
90,34,0.0257090490638753,0.02571385539932651,0.02912469976642257,0.026098322053811466
90,35,0.027566609118617292,0.027567921961926114,0.23286496600720147,0.027733293681286905
90,36,0.02436758218326384,0.024369051120922004,0.03663928430241603,0.024375506798223156
90,37,0.022127246926017682,0.022130749765193403,0.06438357896480496,0.022184408737018647
90,38,0.024943076409516835,0.024947351778712334,0.03131413559923705,0.0249683752805811
90,39,0.02443003039278802,0.02443470074866483,0.12009730001168452,0.024528037149673446
90,40,0.022609412505448394,0.022612868611773595,0.10878690047560852,0.02259640412140433
90,41,0.026239904285540353,0.026244081757385813,0.029049855942716658,0.025996892634724524
90,42,0.026111725828728994,0.02611391513317358,0.05955247666739601,0.026061508975136382
90,43,0.02524916738302594,0.025251079313268577,0.09046140131335859,0.02526258699256334
90,44,0.024122427305176438,0.024127053463992753,0.025595069900713,0.02417609701333979
90,45,0.026036273917763277,0.02604153291223391,0.16867259595443004,0.025985262233404235
90,46,0.027654240815535323,0.02766220971147056,0.04095844112254076,0.02779229094139559
90,47,0.024894581838781252,0.024896233220068783,0.12713193853889454,0.02493526300186757
90,48,0.021680500414989208,0.021682207643268964,0.03064564433742191,0.02168959571602094
90,49,0.023959372863227392,0.023966641239346064,0.02799144526744511,0.02394428241602178
90,50,0.023060714528946327,0.023063417879320165,0.029166206712486643,0.022997552751453116
90,51,0.025773166607491772,0.025775924490382438,0.27816164663823706,0.025717100792706664
90,52,0.024215297509141004,0.024219797024210975,0.02518598241384157,0.02428570745591593
90,53,0.02220806918181956,0.022211467695893387,0.023143713559045417,0.02228594404929734
90,54,0.02657609767021791,0.02658003199814188,0.2964319434699845,0.026204258708111185
90,55,0.024309634402316357,0.024321244438416274,0.026665495542100896,0.024770893751381962
90,56,0.02290539645489685,0.02290877253941907,0.09106805565648793,0.02285701348005124
90,57,0.022350721627385755,0.022352315096055644,0.05828113454263077,0.022391349205594942
90,58,0.0224603880546445,0.022462660642931166,0.02663097687944223,0.022525980390453147
90,59,0.025470013541791525,0.0254722398568154,0.029907696376942405,0.025366559140745572
90,60,0.022082035309479213,0.022083969170191623,0.10051920770502339,0.022094865483150008
90,61,0.025072479337552828,0.025075680308146227,0.04020294649672535,0.025068864523901106
90,62,0.023527075437618877,0.02353316931557403,0.0563861819754142,0.023470427722371
90,63,0.023523892972204252,0.023528390205659205,0.10384984375589493,0.023495116409197922
90,64,0.024858030444495242,0.02485871734516941,0.04651962644692309,0.024886752463115537
90,65,0.023406661623158045,0.023412219173128624,0.10289793857120298,0.02345413005309606
90,66,0.02652053833242083,0.026525340678830656,0.03005517888367625,0.026628752603260173
90,67,0.023563061773785445,0.023566160720315213,0.026555818175148127,0.023574283391688246
90,68,0.023348548357864336,0.02335220150148565,0.06166764101132063,0.02330020151049717
90,69,0.02524038774359044,0.025241501994306657,0.07397853445700112,0.025314349656780463
90,70,0.024400942215872693,0.02440562708529535,0.12780524057749965,0.024392815102480456
90,71,0.02362914356540113,0.02363267817757652,0.19077778175228866,0.023630393931813386
90,72,0.022741652920023187,0.022746357090432004,0.025730628420082977,0.02302811595840614
90,73,0.02495508716066505,0.02495775565070203,0.10510849333753254,0.025015854592938393
90,74,0.02268278779069196,0.022688893778286322,0.6897583281008393,0.02275497940034229
90,75,0.024157370736692097,0.024162654642840044,0.17698256045731098,0.02416434066363614
90,76,0.02355676180056561,0.023559964267657937,0.20452875467002715,0.023648193746742516
90,77,0.023141749152699013,0.023146104649526718,0.05964730907883086,0.023172183694971562
90,78,0.022576872985971778,0.02257935690768433,0.037239918471959364,0.022618516424551347
90,79,0.03684450845109787,0.03685912595497161,0.04357363402920816,0.037086437301877564
90,80,0.024785945941024047,0.024790936877466262,0.03354870943532043,0.02473346595231264
90,81,0.023491146392395253,0.023492082842364866,0.05947382814903174,0.023485465286351488
90,82,0.026255422786757354,0.026260386993355884,0.02674228750230964,0.02618624888359633
90,83,0.02560780902826769,0.025611997353170483,0.03606721485998682,0.025338767658423276
90,84,0.024880120463287966,0.024883050364987298,0.02721875019648567,0.02490319300794143
90,85,0.022399071904549473,0.02240262472586244,0.056137299143195464,0.02246474015619671
90,86,0.025392260646509172,0.02540032149348884,0.06273375553317571,0.025465341295489288
90,87,0.022639267876106334,0.0226426656881715,0.1353050325553669,0.022663986789827964
90,88,0.026203367081847104,0.02620495731255427,0.02729057314673667,0.026262433969166533
90,89,0.023348828728830467,0.0233510737595582,0.027760250073624527,0.023409556835872907
90,90,0.030998963321204737,0.031003093619840622,0.03915536069918073,0.030820771886749206
90,91,0.022692175671652166,0.022698404258486106,0.024235274025128692,0.022691611684331866
90,92,0.024887835043526957,0.024892177323828524,0.0860530704543018,0.024913812348917576
90,93,0.023584120923776094,0.023586872455760036,0.036462920346330155,0.02355927742063749
90,94,0.022032551411803127,0.02203654948453373,0.7077390224731146,0.021963580659607726
90,95,0.030059730889602784,0.03006205875837648,0.3103253512880729,0.030076362118698293
90,96,0.027059804716232382,0.02706249070943406,0.2959923432628635,0.026790013635136854
90,97,0.022127981788457225,0.022132294360055028,0.027205148478547974,0.022132695061895056
90,98,0.02601215159616076,0.026014139187493474,0.29002505931421774,0.02608213189862435
90,99,0.02339546267276544,0.023399189281937655,0.0466604871569257,0.02350824576812631
100,0,0.020926254011039893,0.020932085564355985,0.029689198509694523,0.02088725139860576
100,1,0.024370522436142596,0.02437856435228323,0.16115073743853384,0.02463709518064298
100,2,0.026764148779962697,0.026769974179798643,0.14671810097452256,0.026971098462560104
100,3,0.02035041700756703,0.02035325759150542,0.021306333131121867,0.020372189171473706
100,4,0.024620218611377708,0.024621223889187537,0.034227009326658966,0.024631791165532223
100,5,0.020458567389301872,0.020463581879661744,0.025021593206988928,0.020602486122152087
100,6,0.022378480496648916,0.022379674215904238,0.024103103331373603,0.0224101803131607
100,7,0.022544407598149553,0.02254773233096241,0.10881342206977791,0.02267060140533337
100,8,0.021515315433235482,0.021520182764875346,0.031012289203685747,0.021580967397927194
100,9,0.020499091205092135,0.02050173099684907,0.02105027449867715,0.02058624166735653
100,10,0.025255403097409413,0.025264931519871837,0.255625316557229,0.025418143241853448
100,11,0.027366071117074602,0.02737173475473224,0.11077337906496451,0.0272983612736342
100,12,0.01988979681614014,0.019893911822333805,0.17939587787065314,0.01984414192995999
100,13,0.02141254791225007,0.021415196816806186,0.11109569324331647,0.021425894655647343
100,14,0.02312089229715893,0.023124136831418,0.24387852075771332,0.02338273197858556
100,15,0.023291944579038586,0.02329424363616986,0.024449406299309844,0.023158995204424788
100,16,0.02241038632034193,0.022413608941773428,0.023214534512684976,0.022511852568402498
100,17,0.0203003017433268,0.020303164583878142,0.024083329354529216,0.020301279820587225
100,18,0.027175283221358593,0.0271778395732501,0.029202202484595787,0.027046691543462183
100,19,0.023260678773103477,0.0232659170797261,0.024143108446758297,0.02364495252422439
100,20,0.027989559898579975,0.027991664752619896,0.02912196216111553,0.027649809638055824
100,21,0.019278775776799924,0.019280990166609807,0.032384592471367685,0.019248452938305082
100,22,0.027049671427517387,0.02705391446942183,0.03036923828317674,0.02669316992389291
100,23,0.025407108779621487,0.025412883444350942,0.04161560638116794,0.025418473086834377
100,24,0.020976339355813764,0.02097836222476992,0.06045237160569126,0.020999817956526737
100,25,0.021217206657679386,0.02122003104060385,0.10576176684033838,0.021254638564522824
100,26,0.024312316699884356,0.024318981733019693,0.028536681049254983,0.024181123281440585
100,27,0.02210167196353261,0.02210349491860777,0.023591108443063984,0.022244617346459824
100,28,0.021598521071530076,0.021602070697699167,0.02415839641131689,0.02162609059745942
100,29,0.021494291925139044,0.021496656315672685,0.15929690732350657,0.021485918120848158
100,30,0.020561860240832005,0.020563874302482767,0.034297194919537574,0.020565083260382234
100,31,0.02111285098362407,0.021115483848873115,0.053347061546314155,0.02123787868925617
100,32,0.03627584521778871,0.03628371834600125,0.21481634063290217,0.03616354013595612
100,33,0.02744943188827046,0.02745717046631674,0.07407547843533233,0.027374707977285972
100,34,0.02080303915447881,0.020805448886592554,0.05249819667390249,0.02095270402021707
100,35,0.023131779132495027,0.023134180650660644,0.02664080114574366,0.02324439065879245
100,36,0.02136183751421943,0.02136641697412645,0.036567680974452295,0.02140278591202947
100,37,0.0217319765252532,0.021734402386748123,0.03471440619188475,0.021650346776119038
100,38,0.023966807628517346,0.02396940520840649,0.028841661786619992,0.023862605168984932
100,39,0.02402649675100915,0.024040731004653114,0.06594370838281871,0.024341608353529456
100,40,0.021168295332295115,0.02117197579018564,0.03622872713689637,0.021160132288458693
100,41,0.024359642053928227,0.024361305646245696,0.0721209156631899,0.024493272745623428
100,42,0.021008503256861367,0.02101052797525022,0.11762416840096122,0.02098482025724526
100,43,0.028645205926417106,0.028651790702900533,0.3634660305021178,0.029368015450390406
100,44,0.023342036307019306,0.02334661845060478,0.027936163199213503,0.02330842197138557
100,45,0.02493093659315107,0.02493145286870871,0.08031880003232178,0.02500213326199434
100,46,0.02017891065235733,0.020180738974549573,0.1228126761005154,0.020133636493910093
100,47,0.02253276600707371,0.022535513070838432,0.07935797521205815,0.022546690636819574
100,48,0.021212507630957774,0.02121510267277848,0.023965387126910896,0.021232337992816902
100,49,0.021212493691420538,0.021218090896311537,0.24740867052544063,0.02126061811767437
100,50,0.02224894524336956,0.022251951759167717,0.024463861658876006,0.022231510270507855
100,51,0.023434136129735713,0.023435213080041928,0.04972538109028617,0.023450417350354403
100,52,0.02370275320810486,0.023703798313893385,0.02553114155843139,0.023718154667818278
100,53,0.021516046814675456,0.021519672996000258,0.023569547609389417,0.021500332673103785
100,54,0.024373399397584154,0.024373481545378415,0.0344611403355728,0.024397622674284466
100,55,0.023301719582822386,0.023304452621414094,0.22418607344889255,0.023104760452479695
100,56,0.019675906980235993,0.019680628203711917,0.06052162908944911,0.019761640230725026
100,57,0.022666357673977133,0.02267263296924724,0.10291270675438459,0.02259880846204106
100,58,0.022786068867812242,0.022787901068378184,0.025044887438539536,0.022712627997741354
100,59,0.020226132071118997,0.020230748065559905,0.022800697781561404,0.020234307557951293
100,60,0.023692911307790963,0.023693822886706805,0.025193335829614028,0.023679497758346074
100,61,0.020710627564935153,0.02071185213950569,0.06554351256840978,0.020674396179420546
100,62,0.020459658651946367,0.02046502984507365,0.09896746576034535,0.02049032373657336
100,63,0.021336707293281694,0.021340756665843782,0.2093578904387122,0.02135223120717814
100,64,0.02311350997260819,0.02311741552674963,0.06324704176818166,0.023330546320510036
100,65,0.02167848640222334,0.02168118100129745,0.09282842393192543,0.021793674673253487
100,66,0.021293846966057052,0.021299570075921502,0.07611289148112126,0.021379273703621554
100,67,0.020749998183173905,0.020753893481767746,0.024019482816338845,0.021046424230332053
100,68,0.022578074868618545,0.022582560244287186,0.03137947173588757,0.022653296057127303
100,69,0.021058230679019466,0.02106267857720217,0.022291547376302626,0.020974815154722697
100,70,0.02806452730450829,0.028070437932308387,0.029419048614430073,0.028217716251984735
100,71,0.021167617602310746,0.021170050197069683,0.024771699434398383,0.021184825471591374
100,72,0.022766161640531316,0.022768152994670585,0.14130300950823096,0.022909309426804553
100,73,0.02140138805449674,0.021405861759754445,0.023425409328907763,0.021252468573767794
100,74,0.022006271143162226,0.022011155498954615,0.05260071247754635,0.021954039847800498
100,75,0.020851744634017916,0.02085794591022194,0.15729615240794845,0.0208812171755098
100,76,0.029460374513250797,0.029473278369214165,0.07104034384114234,0.029597401401903922
100,77,0.022690250804596742,0.02269179044209482,0.024317138568776698,0.022690818822006544
100,78,0.02302098170848418,0.02302484960633227,0.1186576314388176,0.023003273695473763
100,79,0.02334369886468862,0.023347108706827414,0.03181150815670383,0.02343611971069335
100,80,0.025530873175078284,0.025538887486496693,0.08896733602843586,0.025761512480378605
100,81,0.021226413335081018,0.02122720690538204,0.07492061404024411,0.021280456878938293
100,82,0.021519909300308556,0.02152137860230453,0.09894623897411362,0.02157128484457664
100,83,0.02134711585018629,0.02135018129302057,0.05291993221904593,0.021423338866646064
100,84,0.021842928406786366,0.02184969441504082,0.023957733124066065,0.021999128617934603
100,85,0.020081064741510044,0.02008599557963473,0.12812125028883714,0.020292949904249888
100,86,0.021757050941770117,0.02175965264208557,0.5496276645495036,0.02185097208116587
100,87,0.021244291165842307,0.021248098118149282,0.024794441728039525,0.021341574716291986
100,88,0.01909013270060856,0.019093037789408785,0.027513426069477966,0.019126904609617117
100,89,0.022453416277700578,0.022456458057965485,0.044695753667144504,0.022531002060318366
100,90,0.020881723732273285,0.020887193602566495,0.021567434700392435,0.020874528798104277
100,91,0.024291795728350975,0.02429630961495236,0.026580052372188964,0.02429740725748379
100,92,0.02366318545394295,0.023670773074009173,0.30095378782007187,0.02316243087179729
100,93,0.02328557427766938,0.023289893867768873,0.034762065893622504,0.023298282318729192
100,94,0.020751556783038562,0.02075489386529811,0.05301684650719114,0.02081675818877
100,95,0.024913237528661123,0.02491374373633247,0.02810477973517341,0.02499167865176067
100,96,0.02309212712342079,0.023093344243867348,0.3096883045472349,0.023219587875861206
100,97,0.02028557781560378,0.020289292199111384,0.021554975732121066,0.020456395348283345
100,98,0.021838297945621258,0.021840629210054214,0.0348620085694923,0.02171034665184168
100,99,0.02575496556715634,0.025757195858039664,0.026941266537753663,0.025720646613598293
